accnt,srcaddr
root,"24.114.43.97"
test,"23.98.35.53"
test,"162.248.245.44"
test,"162.248.245.44"
test,"221.6.83.130"
test,"23.97.75.77"
test,"162.248.245.44"
test,"162.250.123.247"
test,"162.248.245.148"
test,"121.52.215.143"
test,"58.49.94.100"
test,"58.49.94.100"
test,"195.154.199.13"
test,"195.154.199.13"
test,"195.154.199.13"
test,"23.97.75.77"
test,"23.97.75.77"
test,"187.93.78.75"
root,"209.87.60.72"
root,"209.87.60.72"
root,"66.183.53.246"
test,"23.98.35.16"
test,"109.97.251.203"
test,"23.98.35.16"
test,"23.98.35.16"
test,"168.63.171.31"
test,"168.63.219.224"
test,"1.52.238.229"
test,"168.63.219.224"
test,"168.63.219.224"
test,"138.91.8.92"
test,"168.63.219.224"
test,"168.63.219.224"
test,"168.63.219.224"
test,"168.63.219.224"
test,"138.91.158.93"
test,"216.151.212.100"
test,"168.63.219.224"
root,"1.234.83.151"
test,"168.63.219.224"
root,"207.102.63.29"
root,"1.234.83.151"
test,"168.63.219.224"
test,"59.151.7.170"
root,"1.234.83.151"
test,"168.63.219.224"
test,"207.46.137.76"
test,"207.46.137.76"
test,"207.46.137.76"
test,"207.46.137.76"
root,"1.234.83.151"
root,"1.234.83.151"
test,"207.46.137.76"
test,"207.46.137.76"
test,"117.3.101.127"
test,"168.63.136.142"
test,"138.91.6.180"
test,"180.151.36.185"
test,"138.91.6.180"
test,"138.91.6.180"
test,"138.91.6.180"
test,"64.88.167.136"
test,"138.91.6.180"
test,"138.91.6.180"
test,"137.135.59.169"
test,"138.91.6.180"
test,"23.102.134.22"
test,"23.102.134.22"
test,"138.91.6.180"
root,"144.0.0.24"
root,"144.0.0.66"
test,"138.91.6.158"
test,"138.91.6.158"
test,"138.91.13.172"
test,"123.242.182.85"
test,"36.73.177.92"
test,"23.98.75.55"
test,"138.91.10.207"
root,"209.87.60.54"
root,"209.87.60.54"
test,"113.142.37.114"
test,"113.142.37.114"
test,"113.142.37.114"
test,"113.142.37.114"
test,"113.142.37.114"
test,"138.91.11.85"
