srcaddr,count
"1.234.83.151",5
"1.52.238.229",1
"109.97.251.203",1
"113.142.37.114",5
"117.3.101.127",1
"121.52.215.143",1
"123.242.182.85",1
"137.135.59.169",1
"138.91.10.207",1
"138.91.11.85",1
"138.91.13.172",1
"138.91.158.93",1
"138.91.6.158",2
"138.91.6.180",8
"138.91.8.92",1
"144.0.0.24",1
"144.0.0.66",1
"162.248.245.148",1
"162.248.245.44",3
"162.250.123.247",1
"168.63.136.142",1
"168.63.171.31",1
"168.63.219.224",11
"180.151.36.185",1
"187.93.78.75",1
"195.154.199.13",3
"205.250.221.180",1
"207.102.63.29",1
"207.46.137.76",6
"216.151.212.100",1
"221.6.83.130",1
"23.102.134.22",2
"23.97.75.77",3
"23.98.35.16",3
"23.98.35.53",1
"23.98.75.55",1
"24.114.43.97",1
"36.73.177.92",1
"58.49.94.100",2
"59.151.7.170",1
"64.88.167.136",1
"66.183.53.246",1
"96.49.70.120",13
